province,district,ward,lat,long
Gia Lai,Chư Păh,Chư Đăng Ya,14.1314549268627,108.054193766766
Gia Lai,Chư Păh,Chư Jôr,14.0974919980041,108.033231971652
Gia Lai,Chư Păh,Đăk Tơ Ver,14.1980613985929,108.078922477305
Gia Lai,Chư Păh,Hà Tây,14.2905272651068,108.140727221515
Gia Lai,Chư Păh,Hòa Phú,14.1564887628977,107.97379956979
Gia Lai,Chư Păh,Ia Ka,14.1265103386059,107.824709533924
Gia Lai,Chư Păh,Ia Khươl,14.2123741188629,108.005762209806
Gia Lai,Chư Păh,Ia Kreng,14.1742852072925,107.726439374238
Gia Lai,Chư Păh,Ia Mơ Nông,14.1713165664278,107.822507044246
Gia Lai,Chư Păh,Ia Nhin,14.1059360128402,107.868891693872
Gia Lai,Chư Păh,Ia Phí,14.2237797951841,107.905597861101
Gia Lai,Chư Păh,Nghĩa Hòa,14.1094512496941,107.920655307475
Gia Lai,Chư Păh,Nghĩa Hưng,14.0846513900821,107.992213858783
Gia Lai,Chư Păh,TT. Ia Ly,14.2261617810971,107.851013451266
Gia Lai,Chư Păh,TT. Phú Hòa,14.1139729433084,107.974156612436
Gia Lai,Chư Prông,Bàu Cạn,13.852598849189,107.920332471968
Gia Lai,Chư Prông,Bình Giáo,13.8287214550802,107.85177979545
Gia Lai,Chư Prông,Ia Bang,13.7146305515858,107.983684562164
Gia Lai,Chư Prông,Ia Băng,13.8067162598679,107.988967025608
Gia Lai,Chư Prông,Ia Boòng,13.6885467358478,107.821833708399
Gia Lai,Chư Prông,Ia Drang,13.7672332725179,107.850435611461
Gia Lai,Chư Prông,Ia Ga,13.5704356023492,107.854826078175
Gia Lai,Chư Prông,Ia Kly,13.739953980839,107.922584925152
Gia Lai,Chư Prông,Ia Lâu,13.4904565198594,107.876304928598
Gia Lai,Chư Prông,Ia Me,13.6639571149959,107.864687439871
Gia Lai,Chư Prông,Ia Mơ,13.4617071915249,107.710101155545
Gia Lai,Chư Prông,Ia O,13.7120883503228,107.795635456352
Gia Lai,Chư Prông,Ia Phìn,13.7951752291516,107.942560679043
Gia Lai,Chư Prông,Ia Pia,13.6451885119017,107.918152718989
Gia Lai,Chư Prông,Ia Piơr,13.423182678863,107.863376061866
Gia Lai,Chư Prông,Ia Púch,13.6196873821428,107.692192329642
Gia Lai,Chư Prông,Ia Tôr,13.7278048291811,107.955418997126
Gia Lai,Chư Prông,Ia Vê,13.6235992567127,107.96247701941
Gia Lai,Chư Prông,Thăng Hưng,13.823747079404,107.900762254574
Gia Lai,Chư Prông,TT. Chư Prông,13.7492520364402,107.893421809877
Gia Lai,Chư Pưh,Chư Don,13.5398481942869,108.061201591504
Gia Lai,Chư Pưh,Ia Blứ,13.4460456457554,108.005393685391
Gia Lai,Chư Pưh,Ia Dreng,13.5981480859114,108.07609693719
Gia Lai,Chư Pưh,Ia Hla,13.5489062933181,107.985800533291
Gia Lai,Chư Pưh,Ia Hrú,13.5780625662097,108.137470907131
Gia Lai,Chư Pưh,Ia Le,13.432883810538,108.147309703016
Gia Lai,Chư Pưh,Ia Phang,13.5052539500674,108.165924744982
Gia Lai,Chư Pưh,Ia Rong,13.6154952584878,108.136308454292
Gia Lai,Chư Pưh,TT. Nhơn Hòa,13.555116255218,108.109534966785
Gia Lai,Chư Sê,Al Bá,13.7502737286522,108.125355852482
Gia Lai,Chư Sê,Ayun,13.6983899461131,108.167181171027
Gia Lai,Chư Sê,Bar Măih,13.8305619937459,108.127401867278
Gia Lai,Chư Sê,Bờ Ngoong,13.7870044626382,108.120511699806
Gia Lai,Chư Sê,Chư Pơng,13.7860005738548,108.044862931354
Gia Lai,Chư Sê,Dun,13.7226293715178,108.092253305682
Gia Lai,Chư Sê,HBông,13.6271742407232,108.222329013709
Gia Lai,Chư Sê,Ia Blang,13.6530058986423,108.082808460393
Gia Lai,Chư Sê,Ia Glai,13.7417236636722,108.023223355994
Gia Lai,Chư Sê,Ia Hlốp,13.6656430099907,108.042861743412
Gia Lai,Chư Sê,Ia Ko,13.619416221581,108.022049319932
Gia Lai,Chư Sê,Ia Pal,13.6591065080168,108.119865435496
Gia Lai,Chư Sê,Ia Tiêm,13.8293363950895,108.052718836627
Gia Lai,Chư Sê,Kông HTok,13.7007742406375,108.132075456495
Gia Lai,Chư Sê,TT. Chư Sê,13.7148826549024,108.067513803607
Gia Lai,Đăk Đoa,A Dơk,13.9362510312059,108.094673148603
Gia Lai,Đăk Đoa,Đăk Krong,14.1362030362287,108.11720212808
Gia Lai,Đăk Đoa,Đăk Sơ Mei,14.1898239109699,108.184465942145
Gia Lai,Đăk Đoa,Glar,13.9444472759024,108.134508718302
Gia Lai,Đăk Đoa,Hà Bầu,14.0629398986871,108.070372064482
Gia Lai,Đăk Đoa,Hà Đông,14.3073847917917,108.261943822397
Gia Lai,Đăk Đoa,Hải Yang,14.1165629920296,108.220120253529
Gia Lai,Đăk Đoa,HNeng,14.0143262815935,108.10482148165
Gia Lai,Đăk Đoa,HNol,13.9234470630524,108.20195811235
Gia Lai,Đăk Đoa,Ia Băng,13.8913753992391,108.048089654416
Gia Lai,Đăk Đoa,Ia Pết,13.8893159334492,108.105961669539
Gia Lai,Đăk Đoa,KDang,14.0098868142542,108.192735811474
Gia Lai,Đăk Đoa,Kon Gang,14.081887723254,108.150058065913
Gia Lai,Đăk Đoa,Nam Yang,14.058161502234,108.099082743973
Gia Lai,Đăk Đoa,Tân Bình,13.9895733423363,108.14795649353
Gia Lai,Đăk Đoa,Trang,13.8728551225702,108.176748304286
Gia Lai,Đăk Đoa,TT. Đăk Đoa,13.9890663737648,108.11143662112
Gia Lai,Đak Pơ,An Thành,13.9699648219985,108.522668393657
Gia Lai,Đak Pơ,Cư An,13.9878893838707,108.605406322509
Gia Lai,Đak Pơ,Hà Tam,14.0002930724196,108.462448971266
Gia Lai,Đak Pơ,Phú An,13.9218520938455,108.651914929498
Gia Lai,Đak Pơ,Tân An,13.9441295117884,108.603793590317
Gia Lai,Đak Pơ,TT. Đak Pơ,13.978048990703,108.554089075693
Gia Lai,Đak Pơ,Ya Hội,13.8662180425246,108.708544144878
Gia Lai,Đak Pơ,Yang Băc,13.915231624359,108.551897035895
Gia Lai,Đức Cơ,Ia Din,13.8469782673871,107.798247419763
Gia Lai,Đức Cơ,Ia Dơk,13.8734815822817,107.706884494466
Gia Lai,Đức Cơ,Ia Dom,13.8074794874101,107.534353852691
Gia Lai,Đức Cơ,Ia Kla,13.8282292157301,107.645939651784
Gia Lai,Đức Cơ,Ia Krêl,13.8400526581772,107.747292891603
Gia Lai,Đức Cơ,Ia Kriêng,13.7469596561897,107.721265463842
Gia Lai,Đức Cơ,Ia Lang,13.7752585168571,107.789270880435
Gia Lai,Đức Cơ,Ia Nan,13.7242801985356,107.578669537031
Gia Lai,Đức Cơ,Ia Pnôn,13.7096997063838,107.632327084897
Gia Lai,Đức Cơ,TT. Chư Ty,13.8000444122992,107.684306422381
Gia Lai,Ia Grai,Ia Bă,14.0373167082681,107.80892435636
Gia Lai,Ia Grai,Ia Chia,13.8855263807137,107.584891646553
Gia Lai,Ia Grai,Ia Dêr,13.9833767747274,107.941160984545
Gia Lai,Ia Grai,Ia Grăng,13.9953467936126,107.755709195673
Gia Lai,Ia Grai,Ia Hrung,14.0151288483348,107.884204993136
Gia Lai,Ia Grai,Ia Khai,14.0550582144764,107.669771322728
Gia Lai,Ia Grai,Ia Krăi,13.9698867676355,107.646159805615
Gia Lai,Ia Grai,Ia O,13.9503729286166,107.542629465088
Gia Lai,Ia Grai,Ia Pếch,13.9187188358498,107.866319765141
Gia Lai,Ia Grai,Ia Sao,14.0495438556127,107.939467855
Gia Lai,Ia Grai,Ia Tô,13.9279110666524,107.747612040959
Gia Lai,Ia Grai,Ia Yok,14.0765194357031,107.897595152605
Gia Lai,Ia Grai,TT. Ia Kha,13.9625392713042,107.849914402735
Gia Lai,Ia Pa,Chư Mố,13.5149609412284,108.55680750539
Gia Lai,Ia Pa,Chư Răng,13.5939338815226,108.433094360401
Gia Lai,Ia Pa,Ia Broăi,13.382680241865,108.498314104337
Gia Lai,Ia Pa,Ia Kdăm,13.5455521411813,108.509408245604
Gia Lai,Ia Pa,Ia Mrơn,13.4966073593905,108.441157769079
Gia Lai,Ia Pa,Ia Trok,13.445460113812,108.449201681156
Gia Lai,Ia Pa,Ia Tul,13.4903595201632,108.631000647943
Gia Lai,Ia Pa,Kim Tân,13.5610418833943,108.449849531359
Gia Lai,Ia Pa,Pờ Tó,13.6453875651093,108.379640115729
Gia Lai,KBang,Đăk HLơ,14.0713539216754,108.635988809662
Gia Lai,KBang,Đăk Rong,14.4758348227372,108.440222943301
Gia Lai,KBang,Đăk Smar,14.2069265265539,108.604888003728
Gia Lai,KBang,Đông,14.1202162443651,108.596327521966
Gia Lai,KBang,Kông Bla,14.0504399742977,108.611123020299
Gia Lai,KBang,Kông Lơng Khơng,14.0499015245402,108.569922529931
Gia Lai,KBang,Kon Pne,14.3650169398137,108.345403912687
Gia Lai,KBang,Krong,14.27484277597,108.433968245564
Gia Lai,KBang,Lơ Ku,14.1703981064974,108.501235734987
Gia Lai,KBang,Nghĩa An,14.1308455629686,108.656567152855
Gia Lai,KBang,Sơn Lang,14.4352143147821,108.572394816678
Gia Lai,KBang,Sơ Pai,14.2763212318935,108.583929428686
Gia Lai,KBang,Tơ Tung,14.0734831960189,108.51009440858
Gia Lai,KBang,TT. KBang,14.148478246438,108.599403548877
Gia Lai,Kông Chro,An Trung,13.879941715323,108.479544686988
Gia Lai,Kông Chro,Chơ Long,13.7342428910056,108.422799499523
Gia Lai,Kông Chro,Chư Krêy,13.8903076100198,108.40967032944
Gia Lai,Kông Chro,Đăk Kơ Ning,13.6727098267387,108.607461138718
Gia Lai,Kông Chro,Đăk PLing,13.6923459959747,108.798565260771
Gia Lai,Kông Chro,Đăk Pơ Pho,13.8080095385669,108.416392849084
Gia Lai,Kông Chro,Đăk Song,13.6429995713129,108.734636418647
Gia Lai,Kông Chro,Đăk Tơ Pang,13.8181824283195,108.610518847347
Gia Lai,Kông Chro,Kông Yang,13.8603740484436,108.551546677796
Gia Lai,Kông Chro,SRó,13.7374414617742,108.683980404988
Gia Lai,Kông Chro,TT. Kông Chro,13.7820096341391,108.5268335763
Gia Lai,Kông Chro,Ya ma,13.7653502839055,108.569406110073
Gia Lai,Kông Chro,Yang Nam,13.6781277388984,108.513291319812
Gia Lai,Kông Chro,Yang Trung,13.7920025878598,108.48857618179
Gia Lai,Krông Pa,Chư Drăng,13.1739836780119,108.566192206117
Gia Lai,Krông Pa,Chư Gu,13.2636700623835,108.660522518055
Gia Lai,Krông Pa,Chư Ngọc,13.1660425944309,108.773300193457
Gia Lai,Krông Pa,Chư Rcăm,13.356031104218,108.723056763189
Gia Lai,Krông Pa,Đất Bằng,13.2803324774483,108.821941731317
Gia Lai,Krông Pa,Ia Hdreh,13.078454476008,108.640415850407
Gia Lai,Krông Pa,Ia Mlah,13.2461651713092,108.75787000767
Gia Lai,Krông Pa,Ia RMok,13.1192355246347,108.601506713106
Gia Lai,Krông Pa,Ia Rsai,13.3951459271533,108.646454923562
Gia Lai,Krông Pa,Ia Rsươm,13.3001388396546,108.522967612981
Gia Lai,Krông Pa,Krông Năng,13.0435515952225,108.690965996608
Gia Lai,Krông Pa,Phú Cần,13.1872684595557,108.698391614605
Gia Lai,Krông Pa,TT. Phú Túc,13.2106843823758,108.690852998363
Gia Lai,Krông Pa,Uar,13.2276879278246,108.528783532503
Gia Lai,Mang Yang,Ayun,14.1456813867228,108.285397481439
Gia Lai,Mang Yang,Đăk Djrăng,14.0122920685663,108.238810294017
Gia Lai,Mang Yang,Đăk Jơ Ta,14.1418099213141,108.335006253226
Gia Lai,Mang Yang,Đăk Ta Ley,14.0239103039709,108.34002033573
Gia Lai,Mang Yang,Đăk Trôi,13.7385531408411,108.228141853363
Gia Lai,Mang Yang,Đăk Yă,14.0270159512609,108.289981326689
Gia Lai,Mang Yang,Đê Ar,13.8031886723215,108.210143589574
Gia Lai,Mang Yang,Hra,14.0727240709135,108.403098991387
Gia Lai,Mang Yang,Kon Chiêng,13.7639498419965,108.317567946778
Gia Lai,Mang Yang,Kon Thụp,13.8655358553667,108.272910251117
Gia Lai,Mang Yang,Lơ Pang,13.9316307840012,108.310689613774
Gia Lai,Mang Yang,TT. Kon Dơng,14.0444759656081,108.257105925756
Gia Lai,Phú Thiện,Ayun Hạ,13.5565709041172,108.251069144946
Gia Lai,Phú Thiện,Chrôh Pơnan,13.4415093808724,108.374011861225
Gia Lai,Phú Thiện,Chư A Thai,13.5962269311139,108.293233254702
Gia Lai,Phú Thiện,Ia Ake,13.5144749037392,108.267376282195
Gia Lai,Phú Thiện,Ia Hiao,13.4014886560044,108.326781837295
Gia Lai,Phú Thiện,Ia Peng,13.4604567755269,108.35900757716
Gia Lai,Phú Thiện,Ia Piar,13.4372395096706,108.288372421794
Gia Lai,Phú Thiện,Ia Sol,13.5166832955163,108.31316624598
Gia Lai,Phú Thiện,Ia Yeng,13.5065691250077,108.396817586498
Gia Lai,Phú Thiện,TT. Phú Thiện,13.5339940019066,108.323465613647
Gia Lai,Plei Ku,Biển Hồ,14.0344221602379,108.018168793234
Gia Lai,Plei Ku,Chư Hdrông,13.9130267587296,108.023811687283
Gia Lai,Plei Ku,Diên Phú,13.9408618099589,107.969667781648
Gia Lai,Plei Ku,Gào,13.8817013759142,107.922619941622
Gia Lai,Plei Ku,Ia Kênh,13.9060148304043,107.976803303343
Gia Lai,Plei Ku,P. Hội Phú,13.9519576319054,108.002193013663
Gia Lai,Plei Ku,P. Ia Kring,13.9624692391805,107.980395981839
Gia Lai,Plei Ku,P. Phù Đổng,13.9763810240356,108.021615167932
Gia Lai,Plei Ku,P. Thắng Lợi,13.9736737643468,108.044575494907
Gia Lai,Plei Ku,P. Thống Nhất,14.0036525351585,108.004271269385
Gia Lai,Plei Ku,P. Yên Đỗ,13.9858110682856,107.990742692677
Gia Lai,Plei Ku,Trà Đa,14.0078871885821,108.04394539953
Gia Lai,TX. An Khê,Cửu An,14.0252536219991,108.731324868389
Gia Lai,TX. An Khê,P. An Bình,13.9658486264825,108.646165648404
Gia Lai,TX. An Khê,P. An Phú,13.9556658823058,108.670782201426
Gia Lai,TX. An Khê,P. An Phước,14.0103108964537,108.694633753944
Gia Lai,TX. An Khê,P. An Tân,13.9690835955253,108.67546514536
Gia Lai,TX. An Khê,P. Ngô Mây,13.9792261253085,108.687060896918
Gia Lai,TX. An Khê,P. Tây Sơn,13.9527026062001,108.65661223235
Gia Lai,TX. An Khê,Song An,13.9675307369529,108.729786779506
Gia Lai,TX. An Khê,Thành An,14.0067706686564,108.653874443126
Gia Lai,TX. An Khê,Tú An,14.084874963225,108.676344289466
Gia Lai,TX. An Khê,Xuân An,14.0543239248712,108.697324649369
Gia Lai,TX. AYun Pa,Chư Băh,13.3801057876977,108.365763951512
Gia Lai,TX. AYun Pa,Ia RBol,13.3237125007283,108.401032129078
Gia Lai,TX. AYun Pa,Ia Rtô,13.341992099709,108.482301430705
Gia Lai,TX. AYun Pa,Ia Sao,13.2757817535847,108.441582388604
Gia Lai,TX. AYun Pa,P. Đoàn Kết,13.4239489722657,108.423778384716
Gia Lai,TX. AYun Pa,P. Hoà Bình,13.4109628311188,108.431426760955
Gia Lai,TX. AYun Pa,P. Sông Bờ,13.3948034413413,108.447269274476
Đắk Lắk,Buôn Đôn,Cuôr KNia,12.7891192965572,107.973221934776
Đắk Lắk,Buôn Đôn,Ea Bar,12.7604524615966,107.993708217858
Đắk Lắk,Buôn Đôn,Ea Huar,12.8836493577927,107.871736978161
Đắk Lắk,Buôn Đôn,Ea Nuôl,12.7176506447386,107.942020767569
Đắk Lắk,Buôn Đôn,Ea Wer,12.8364686223057,107.873618044191
Đắk Lắk,Buôn Đôn,Krông Na,12.9307641644916,107.679203773813
Đắk Lắk,Buôn Đôn,Tân Hoà,12.7813979760789,107.907164013045
Đắk Lắk,Buôn Ma Thuột,Cư ÊBur,12.717872365471,108.014483685806
Đắk Lắk,Buôn Ma Thuột,Ea Kao,12.5995544002441,108.051511298238
Đắk Lắk,Buôn Ma Thuột,Ea Tu,12.7141336115412,108.11184440792
Đắk Lắk,Buôn Ma Thuột,Hòa Khánh,12.5990854451019,107.998785200325
Đắk Lắk,Buôn Ma Thuột,Hòa Phú,12.6080089820893,107.935251982097
Đắk Lắk,Buôn Ma Thuột,Hòa Thắng,12.657650144098,108.10420606709
Đắk Lắk,Buôn Ma Thuột,Hòa Xuân,12.6575669673308,107.949144058479
Đắk Lắk,Buôn Ma Thuột,P. Khánh Xuân,12.6442077599046,107.995341647351
Đắk Lắk,Buôn Ma Thuột,P. Tân An,12.7150970442995,108.079473921126
Đắk Lắk,Buôn Ma Thuột,P. Tân Hòa,12.6857784319672,108.099063970315
Đắk Lắk,Buôn Ma Thuột,P. Tân Lập,12.6767222037845,108.072250380664
Đắk Lắk,Buôn Ma Thuột,P. Tân Lợi,12.7192106360058,108.059689083336
Đắk Lắk,Buôn Ma Thuột,P. Tân Thành,12.6666648178403,108.021332256822
Đắk Lắk,Buôn Ma Thuột,P. Tân Tiến,12.6761364396675,108.02847347378
Đắk Lắk,Buôn Ma Thuột,P. Thành Công,12.6874915598762,108.036398615178
Đắk Lắk,Buôn Ma Thuột,P. Thành Nhất,12.6816762199889,108.002783384284
Đắk Lắk,Buôn Ma Thuột,P. Thống Nhất,12.6823098641459,108.038430203579
Đắk Lắk,Cư Kuin,Cư Ê Wi,12.6173743470546,108.254852172544
Đắk Lắk,Cư Kuin,Dray Bhăng,12.5528169049047,108.131841554523
Đắk Lắk,Cư Kuin,Ea BHốk,12.5707600601123,108.188104221987
Đắk Lắk,Cư Kuin,Ea Hu,12.5741214633218,108.242061169639
Đắk Lắk,Cư Kuin,Ea Ktur,12.6333681731322,108.159034980218
Đắk Lắk,Cư Kuin,Ea Ning,12.6169433365279,108.20592004301
Đắk Lắk,Cư Kuin,Ea Tiêu,12.6021025549707,108.104398444974
Đắk Lắk,Cư Kuin,Hòa Hiệp,12.5268583863025,108.202126053948
Đắk Lắk,Cư M'Gar,Cư Dliê M'nông,12.9312222760858,108.160472633441
Đắk Lắk,Cư M'Gar,Cư M'gar,12.8429802986361,108.050872986373
Đắk Lắk,Cư M'Gar,Cuor Đăng,12.7468610452378,108.178741455085
Đắk Lắk,Cư M'Gar,Cư Suê,12.7652292036913,108.043358408997
Đắk Lắk,Cư M'Gar,Ea D'Rơng,12.7916332151979,108.164664560843
Đắk Lắk,Cư M'Gar,Ea H'đinh,12.8896726864281,108.046966902346
Đắk Lắk,Cư M'Gar,Ea Kiết,12.9662756811283,108.004202858119
Đắk Lắk,Cư M'Gar,Ea KPam,12.8715941852102,108.106028224682
Đắk Lắk,Cư M'Gar,Ea Kuêh,13.0141233234016,108.059293423087
Đắk Lắk,Cư M'Gar,Ea M'DRóh,12.9038971660693,107.972238174601
Đắk Lắk,Cư M'Gar,Ea M'nang,12.8168273763096,107.994232831077
Đắk Lắk,Cư M'Gar,Ea Tar,12.9357750411256,108.098738668651
Đắk Lắk,Cư M'Gar,Ea Tul,12.867887447177,108.171466579039
Đắk Lắk,Cư M'Gar,Quảng Hiệp,12.8483454099397,107.963899493617
Đắk Lắk,Cư M'Gar,Quảng Tiến,12.8173756692935,108.090477733658
Đắk Lắk,Cư M'Gar,TT. Ea Pốk,12.7882401141496,108.082796984787
Đắk Lắk,Cư M'Gar,TT. Quảng Phú,12.8245760069733,108.08537634491
Đắk Lắk,Ea H'Leo,Cư A Mung,13.184516093667,108.024900614509
Đắk Lắk,Ea H'Leo,Cư Mốt,13.2167859304756,108.106694395523
Đắk Lắk,Ea H'Leo,Dlêi Yang,13.1895378678703,108.261296524795
Đắk Lắk,Ea H'Leo,Ea Hiao,13.1832615648679,108.367281191986
Đắk Lắk,Ea H'Leo,Ea H'leo,13.3409003324355,108.094906290881
Đắk Lắk,Ea H'Leo,Ea Khal,13.1728425265925,108.145964161807
Đắk Lắk,Ea H'Leo,Ea Nam,13.1367085883077,108.195016975162
Đắk Lắk,Ea H'Leo,Ea Ral,13.255530953222,108.180257604804
Đắk Lắk,Ea H'Leo,Ea Sol,13.2850819542583,108.302772512403
Đắk Lắk,Ea H'Leo,Ea Tir,13.1059979641921,108.061165384757
Đắk Lắk,Ea H'Leo,Ea Wy,13.24361861307,108.046235201332
Đắk Lắk,Ea H'Leo,TT. Ea Drăng,13.2052570448529,108.20928950371
Đắk Lắk,Ea Kar,Cư Bông,12.6282796364406,108.616325756701
Đắk Lắk,Ea Kar,Cư ELang,12.6276278813115,108.535571780522
Đắk Lắk,Ea Kar,Cư Huê,12.8344891546361,108.407088886549
Đắk Lắk,Ea Kar,Cư Jang,12.6772556778171,108.646113408045
Đắk Lắk,Ea Kar,Cư Ni,12.7578848690935,108.501355309651
Đắk Lắk,Ea Kar,Cư Prông,12.7426555142785,108.631044172158
Đắk Lắk,Ea Kar,Ea Đar,12.8067491671355,108.496480803615
Đắk Lắk,Ea Kar,Ea Kmút,12.7575725061644,108.453403031007
Đắk Lắk,Ea Kar,Ea Ô,12.6928754550519,108.517072288419
Đắk Lắk,Ea Kar,Ea Păl,12.726015600965,108.564543230533
Đắk Lắk,Ea Kar,Ea Sar,12.8725358714375,108.499764654759
Đắk Lắk,Ea Kar,Ea Sô,12.9520819965786,108.58773123651
Đắk Lắk,Ea Kar,Ea Tih,12.8186121652433,108.575727779156
Đắk Lắk,Ea Kar,TT. Ea Kar,12.8319066950735,108.455314380859
Đắk Lắk,Ea Kar,TT. Ea Knốp,12.8074289186849,108.544586386114
Đắk Lắk,Ea Kar,Xuân Phú,12.8692981900333,108.453057919991
Đắk Lắk,Ea Súp,Cư KBang,13.1787004074987,107.916700979645
Đắk Lắk,Ea Súp,Cư M'Lan,13.0369819358105,107.874913283394
Đắk Lắk,Ea Súp,Ea Bung,13.114172627556,107.674561719282
Đắk Lắk,Ea Súp,Ea Lê,13.1190037153608,107.910889562009
Đắk Lắk,Ea Súp,Ea Rốki,13.2367486406259,107.904870856411
Đắk Lắk,Ea Súp,Ia JLơi,13.3149150394459,107.863588035388
Đắk Lắk,Ea Súp,Ia Lốp,13.3160650105695,107.729908424453
Đắk Lắk,Ea Súp,Ia RVê,13.2245381690096,107.649823813862
Đắk Lắk,Ea Súp,TT. Ea Súp,13.065453893513,107.889370306206
Đắk Lắk,Ea Súp,Ya Tờ Mốt,13.1683430715505,107.760501361743
Đắk Lắk,Krông Ana,Băng A Drênh,12.5006340124609,108.116586275308
Đắk Lắk,Krông Ana,Bình Hòa,12.433181215444,107.988168772264
Đắk Lắk,Krông Ana,Dray Sáp,12.5561447670469,107.958922025927
Đắk Lắk,Krông Ana,Dur KMăl,12.4566686130065,108.121890645614
Đắk Lắk,Krông Ana,Ea Bông,12.5321274678024,108.0610340322
Đắk Lắk,Krông Ana,Ea Na,12.5254020328119,107.986935864206
Đắk Lắk,Krông Ana,Quảng Điền,12.4337026848037,108.04045288441
Đắk Lắk,Krông Ana,TT. Buôn Trấp,12.4869615182503,108.035290357761
Đắk Lắk,Krông Bông,Cư Drăm,12.4861321427211,108.624285183754
Đắk Lắk,Krông Bông,Cư KTy,12.5636670289303,108.355206593602
Đắk Lắk,Krông Bông,Cư Pui,12.5434570409729,108.600375266106
Đắk Lắk,Krông Bông,Dang Kang,12.6060538108379,108.321344137078
Đắk Lắk,Krông Bông,Ea Trul,12.4962522382144,108.259024694623
Đắk Lắk,Krông Bông,Hòa Lễ,12.4775527612508,108.403228327593
Đắk Lắk,Krông Bông,Hòa Phong,12.5209714717187,108.478620473659
Đắk Lắk,Krông Bông,Hòa Sơn,12.4833002222922,108.303050202943
Đắk Lắk,Krông Bông,Hòa Tân,12.5435522179573,108.29010908248
Đắk Lắk,Krông Bông,Hòa Thành,12.5732232437224,108.288522734162
Đắk Lắk,Krông Bông,Khuê Ngọc Điền,12.4860573113948,108.350413381949
Đắk Lắk,Krông Bông,TT. Krông Kmar,12.5055947352636,108.334804102697
Đắk Lắk,Krông Bông,Yang Mao,12.3732228519423,108.574407345319
Đắk Lắk,Krông Bông,Yang Reh,12.4962128311903,108.212465954731
Đắk Lắk,Krông Búk,Chư KBô,13.0238521063431,108.245508290469
Đắk Lắk,Krông Búk,Cư Né,13.0818339897661,108.234746851307
Đắk Lắk,Krông Búk,Cư Pơng,13.0125163383339,108.149166266822
Đắk Lắk,Krông Búk,Ea Ngai,12.9484015575284,108.206107464209
Đắk Lắk,Krông Búk,Ea Sin,13.0803748492518,108.155132169655
Đắk Lắk,Krông Búk,Pơng Drang,12.9730113606936,108.240343403256
Đắk Lắk,Krông Búk,Tân Lập,12.9613161972247,108.278422117441
Đắk Lắk,Krông Năng,Cư Klông,13.0909939560662,108.451423035538
Đắk Lắk,Krông Năng,ĐLiê Ya,13.0934037172014,108.379256716991
Đắk Lắk,Krông Năng,Ea Dăh,12.920007198605,108.451706195628
Đắk Lắk,Krông Năng,Ea Hồ,12.9700151178696,108.30722836761
Đắk Lắk,Krông Năng,Ea Puk,12.9730151756381,108.454259052892
Đắk Lắk,Krông Năng,Ea Tam,13.0310092696533,108.442595739881
Đắk Lắk,Krông Năng,Ea Tân,13.110726699163,108.32170368007
Đắk Lắk,Krông Năng,Ea Tóh,13.0416583117018,108.315663848814
Đắk Lắk,Krông Năng,Phú Lộc,12.9915324393531,108.352024436041
Đắk Lắk,Krông Năng,Phú Xuân,12.8929609341693,108.384001315095
Đắk Lắk,Krông Năng,Tam Giang,12.9676502555557,108.399686738118
Đắk Lắk,Krông Năng,TT. Krông Năng,12.9447491576014,108.363238666867
Đắk Lắk,Krông Pắc,Ea Hiu,12.6796694633137,108.369370779433
Đắk Lắk,Krông Pắc,Ea Kênh,12.7034193244979,108.243406455082
Đắk Lắk,Krông Pắc,Ea Kly,12.7329662289463,108.423509282615
Đắk Lắk,Krông Pắc,Ea KNuec,12.6948353380879,108.217922208306
Đắk Lắk,Krông Pắc,Ea Kuăng,12.6908424992318,108.389855982648
Đắk Lắk,Krông Pắc,Ea Phê,12.7601492771943,108.346888369173
Đắk Lắk,Krông Pắc,Ea Uy,12.6290654082834,108.389308747436
Đắk Lắk,Krông Pắc,Ea Yiêng,12.5848892179685,108.388424107659
Đắk Lắk,Krông Pắc,Ea Yông,12.703813036453,108.282741880278
Đắk Lắk,Krông Pắc,Hòa An,12.7211137010217,108.331863547038
Đắk Lắk,Krông Pắc,Hòa Đông,12.6882200368112,108.175236504882
Đắk Lắk,Krông Pắc,Hòa Tiến,12.6649991223643,108.314482170625
Đắk Lắk,Krông Pắc,KRông Búk,12.7888355201639,108.3819835915
Đắk Lắk,Krông Pắc,Tân Tiến,12.6456448794487,108.33637381876
Đắk Lắk,Krông Pắc,TT. Phước An,12.7127343891885,108.308536394877
Đắk Lắk,Krông Pắc,Vụ Bổn,12.6243315195682,108.446306450315
Đắk Lắk,Lắk,Bông Krang,12.3661874733656,108.354715113336
Đắk Lắk,Lắk,Buôn Tría,12.3851574024052,108.110916689268
Đắk Lắk,Lắk,Buôn Triết,12.386780096502,108.05392679885
Đắk Lắk,Lắk,Đắk Liêng,12.4050332696387,108.157670919055
Đắk Lắk,Lắk,Đắk Nuê,12.3054765111297,108.152513610898
Đắk Lắk,Lắk,Đắk Phơi,12.3177474563665,108.246439768569
Đắk Lắk,Lắk,Ea R'Bin,12.3607935142199,107.966287037036
Đắk Lắk,Lắk,Krông Nô,12.2401258995916,108.255252437861
Đắk Lắk,Lắk,Nam Ka,12.311295602779,108.056054221862
Đắk Lắk,Lắk,TT. Liên Sơn,12.4093256154805,108.182535016999
Đắk Lắk,Lắk,Yang Tao,12.4465072610998,108.233645555881
Đắk Lắk,M'Đrắk,Cư K Róa,12.7266961967049,108.899834538052
Đắk Lắk,M'Đrắk,Cư M'ta,12.70716499221,108.770793573692
Đắk Lắk,M'Đrắk,Cư Prao,12.8895697625865,108.706022979054
Đắk Lắk,M'Đrắk,Cư San,12.5435011963064,108.776182470932
Đắk Lắk,M'Đrắk,Ea H'MLay,12.8278175674522,108.805406125681
Đắk Lắk,M'Đrắk,Ea Lai,12.8284287271907,108.736324550597
Đắk Lắk,M'Đrắk,Ea M' Doal,12.7946273740329,108.874811772861
Đắk Lắk,M'Đrắk,Ea Pil,12.8170947792161,108.631929953601
Đắk Lắk,M'Đrắk,Ea Riêng,12.76602175993,108.80380492945
Đắk Lắk,M'Đrắk,Ea Trang,12.6219518972491,108.869750188594
Đắk Lắk,M'Đrắk,Krông á,12.6775851800156,108.718022074636
Đắk Lắk,M'Đrắk,Krông Jing,12.7682342041591,108.704748730795
Đắk Lắk,M'Đrắk,TT. M'Đrắk,12.7484013591,108.741290289703
Đắk Lắk,TX. Buôn Hồ,Bình Thuận,12.7953071795658,108.283428707594
Đắk Lắk,TX. Buôn Hồ,Cư Bao,12.8015364552377,108.227983296799
Đắk Lắk,TX. Buôn Hồ,Ea Blang,12.8770505552355,108.294309212993
Đắk Lắk,TX. Buôn Hồ,Ea Drông,12.8848220189231,108.337732768033
Đắk Lắk,TX. Buôn Hồ,Ea Siên,12.8304096118278,108.321282390182
Đắk Lắk,TX. Buôn Hồ,P. An Bình,12.9136679964902,108.247534297311
Đắk Lắk,TX. Buôn Hồ,P. An Lạc,12.9147401527364,108.275968111001
Đắk Lắk,TX. Buôn Hồ,P. Bình Tân,12.8329858958503,108.243061387729
Đắk Lắk,TX. Buôn Hồ,P. Đạt Hiếu,12.9338272108404,108.254443939193
Đắk Lắk,TX. Buôn Hồ,P. Đoàn Kết,12.8889534071494,108.234762716841
Đắk Nông,Cư Jút,Cư Knia,12.6015529442607,107.811626445575
Đắk Nông,Cư Jút,Đắk Drông,12.639873513721,107.796373523017
Đắk Nông,Cư Jút,Đắk Wil,12.7180413204862,107.697696646126
Đắk Nông,Cư Jút,Ea Pô,12.7360024442506,107.8550884979
Đắk Nông,Cư Jút,Nam Dong,12.6468937314609,107.872913417115
Đắk Nông,Cư Jút,Tâm Thắng,12.6114411863841,107.911602456864
Đắk Nông,Cư Jút,Trúc Sơn,12.5794007481951,107.850689556019
Đắk Nông,Cư Jút,TT. Ea T'Ling,12.5844331244347,107.887152393202
Đắk Nông,Đắk Glong,Đắk Ha,12.0455705646021,107.798597313265
Đắk Nông,Đắk Glong,Đắk Plao,11.9518588560692,107.861296025215
Đắk Nông,Đắk Glong,Đắk R'Măng,12.0151687862282,107.943175540415
Đắk Nông,Đắk Glong,Đắk Som,11.8806862904419,107.992788491483
Đắk Nông,Đắk Glong,Quảng Hòa,12.1653802885958,108.052414780403
Đắk Nông,Đắk Glong,Quảng Khê,11.8995261536769,107.799954703106
Đắk Nông,Đắk Glong,Quảng Sơn,12.1704263100035,107.874200895352
Đắk Nông,Đắk Mil,Đắk Gằn,12.541847151465,107.806230940018
Đắk Nông,Đắk Mil,Đắk Lao,12.5710574313563,107.620005365547
Đắk Nông,Đắk Mil,Đắk N'Drót,12.5183612863926,107.694325467558
Đắk Nông,Đắk Mil,Đắk R'La,12.5537850668402,107.735659372174
Đắk Nông,Đắk Mil,Đắk Sắk,12.4162898165696,107.690170377207
Đắk Nông,Đắk Mil,Đức Mạnh,12.4739086491884,107.670341041669
Đắk Nông,Đắk Mil,Đức Minh,12.4045930870575,107.622800589575
Đắk Nông,Đắk Mil,Long Sơn,12.447791584517,107.729330353978
Đắk Nông,Đắk Mil,Thuận An,12.3932415994869,107.575865940923
Đắk Nông,Đắk Mil,TT. Đắk Mil,12.4470977686244,107.619054712558
Đắk Nông,Đắk RLấp,Đắk Ru,11.9047560516786,107.426355882766
Đắk Nông,Đắk RLấp,Đắk Sin,11.8585011655336,107.507532599282
Đắk Nông,Đắk RLấp,Đắk Wer,12.0045289029956,107.561970705733
Đắk Nông,Đắk RLấp,Đạo Nghĩa,11.8560400581656,107.569352103474
Đắk Nông,Đắk RLấp,Hưng Bình,11.8090593217791,107.441969302954
Đắk Nông,Đắk RLấp,Kiến Thành,11.9868486042945,107.504162055234
Đắk Nông,Đắk RLấp,Nghĩa Thắng,11.913375001777,107.551511060484
Đắk Nông,Đắk RLấp,Nhân Cơ,11.9625479379242,107.617174084161
Đắk Nông,Đắk RLấp,Nhân Đạo,11.913593430368,107.60744060396
Đắk Nông,Đắk RLấp,Quảng Tín,11.9555474983215,107.448465962671
Đắk Nông,Đắk RLấp,TT. Kiến Đức,12.0019451751511,107.503323359133
Đắk Nông,Đắk Song,Đắk Hòa,12.3082812342068,107.67911622253
Đắk Nông,Đắk Song,Đắk Môl,12.3431398037938,107.699676358498
Đắk Nông,Đắk Song,Đắk N'Drung,12.2035553400136,107.564417339849
Đắk Nông,Đắk Song,Nam Bình,12.2811938667817,107.615898055917
Đắk Nông,Đắk Song,Nâm N'Jang,12.1920563847211,107.664193764649
Đắk Nông,Đắk Song,Thuận Hà,12.2622177202362,107.506285714562
Đắk Nông,Đắk Song,Thuận Hạnh,12.3120267433051,107.528463206596
Đắk Nông,Đắk Song,Trường Xuân,12.1057526565171,107.638942468521
Đắk Nông,Đắk Song,TT. Đức An,12.2519205036622,107.617935564384
Đắk Nông,KRông Nô,Buôn Choah,12.474712976666,107.957073102397
Đắk Nông,KRông Nô,Đắk DRô,12.4333043442291,107.872618579202
Đắk Nông,KRông Nô,Đắk Nang,12.2874897314843,107.93345294171
Đắk Nông,KRông Nô,Đắk Sôr,12.5199438320268,107.873907620079
Đắk Nông,KRông Nô,Đức Xuyên,12.2869388395418,107.870679656944
Đắk Nông,KRông Nô,Nam Đà,12.4899208564835,107.894006606444
Đắk Nông,KRông Nô,Nâm N'Đir,12.337572204693,107.855515572641
Đắk Nông,KRông Nô,Nam Nung,12.351074546846,107.797452559925
Đắk Nông,KRông Nô,Nam Xuân,12.4797489183787,107.786197368794
Đắk Nông,KRông Nô,Quảng Phú,12.2474996588464,108.021596704064
Đắk Nông,KRông Nô,Tân Thành,12.4035348417623,107.764444731673
Đắk Nông,KRông Nô,TT. Đắk Mâm,12.457942519123,107.819410553084
Đắk Nông,Tuy Đức,Đắk Búk So,12.2121257817485,107.477298025526
Đắk Nông,Tuy Đức,Đắk Ngo,12.035107139663,107.377649313031
Đắk Nông,Tuy Đức,Đắk R'Tih,12.1149042480913,107.488727846495
Đắk Nông,Tuy Đức,Quảng Tâm,12.1611840921991,107.436876946995
Đắk Nông,Tuy Đức,Quảng Tân,12.0525843511791,107.498175799934
Đắk Nông,Tuy Đức,Quảng Trực,12.1847610589319,107.304478687283
Đắk Nông,TX. Gia Nghĩa,Đắk Nia,11.9517679567415,107.721664565037
Đắk Nông,TX. Gia Nghĩa,Đắk R'Moan,12.0230820976538,107.623033326645
Đắk Nông,TX. Gia Nghĩa,P. Nghĩa Đức,12.014636789651,107.713256729939
Đắk Nông,TX. Gia Nghĩa,P. Nghĩa Phú,12.0017147428365,107.662173202606
Đắk Nông,TX. Gia Nghĩa,P. Nghĩa Tân,11.967961016017,107.668199004518
Đắk Nông,TX. Gia Nghĩa,P. Nghĩa Thành,12.0141398926502,107.68604012621
Đắk Nông,TX. Gia Nghĩa,P. Nghĩa Trung,11.9784326198547,107.692148455954
Đắk Nông,TX. Gia Nghĩa,Quảng Thành,12.075122171339,107.720161734141
Kon Tum,Đắk Glei,Đắk Choong,15.1706405138095,107.835819738611
Kon Tum,Đắk Glei,Đắk Kroong,14.9813500527862,107.701449169105
Kon Tum,Đắk Glei,Đắk Long,14.9650246685178,107.574371339534
Kon Tum,Đắk Glei,Đắk Man,15.2135398390757,107.722418142742
Kon Tum,Đắk Glei,Đắk Môn,14.9117245609283,107.674836829728
Kon Tum,Đắk Glei,Đắk Nhoong,15.1222597495987,107.647502452832
Kon Tum,Đắk Glei,Đắk Pék,15.1047033801285,107.726599559984
Kon Tum,Đắk Glei,Đắk Plô,15.3061747201108,107.650176965169
Kon Tum,Đắk Glei,Mường Hoong,15.1431413894856,107.943322512326
Kon Tum,Đắk Glei,Ngọc Linh,15.0608489213911,107.925159788843
Kon Tum,Đắk Glei,TT. Đắk Glei,15.0299667034126,107.758311858829
Kon Tum,Đắk Glei,Xốp,15.0749925702974,107.834935926497
Kon Tum,Đắk Hà,Đắk Hring,14.5961730479372,107.933106713117
Kon Tum,Đắk Hà,Đắk La,14.4437553995348,107.944973709727
Kon Tum,Đắk Hà,Đắk Long,14.660982770256,107.916123558159
Kon Tum,Đắk Hà,Đắk Mar,14.5400085869512,107.909623647904
Kon Tum,Đắk Hà,Đắk Ngọk,14.5376643502802,107.962865561429
Kon Tum,Đắk Hà,Đắk Pxi,14.7324393544053,108.025882559049
Kon Tum,Đắk Hà,Đắk Ui,14.6046043139415,108.026613404153
Kon Tum,Đắk Hà,Hà Mòn,14.4695716874476,107.909515198072
Kon Tum,Đắk Hà,Ngọk Réo,14.4910016927782,108.060574271376
Kon Tum,Đắk Hà,Ngọk Wang,14.5025233108147,108.000696682024
Kon Tum,Đắk Hà,TT. Đắk Hà,14.5119798125927,107.919758019821
Kon Tum,Đắk Tô,Đắk Rơ Nga,14.7692885897311,107.757785294924
Kon Tum,Đắk Tô,Đắk Trăm,14.7756905548145,107.849601097609
Kon Tum,Đắk Tô,Diên Bình,14.6038676549099,107.874243419513
Kon Tum,Đắk Tô,Kon Đào,14.7111209859088,107.847673185584
Kon Tum,Đắk Tô,Ngọk Tụ,14.7190689602121,107.789101892983
Kon Tum,Đắk Tô,Pô Cô,14.5861807683193,107.813874285708
Kon Tum,Đắk Tô,Tân Cảnh,14.6578824285398,107.777672667796
Kon Tum,Đắk Tô,TT. Đắk Tô,14.6544195171517,107.846987765546
Kon Tum,Đắk Tô,Văn Lem,14.736950351498,107.8942421953
Kon Tum,Ia H' Drai,Ia Dal,14.1024959764236,107.402878942142
Kon Tum,Ia H' Drai,Ia Dom,14.2330646647282,107.488700098091
Kon Tum,Ia H' Drai,Ia Tơi,14.0976347937939,107.556721267189
Kon Tum,Kon Plông,Đắk Long,14.6125303246538,108.321140850177
Kon Tum,Kon Plông,Đắk Nên,14.9962623956836,108.213623830809
Kon Tum,Kon Plông,Đắk Ring,14.9012214812154,108.262833559479
Kon Tum,Kon Plông,Đắk Tăng,14.7814169303133,108.223088676898
Kon Tum,Kon Plông,Hiếu,14.624930337973,108.454281287972
Kon Tum,Kon Plông,Măng Buk,14.8871141766511,108.179662267236
Kon Tum,Kon Plông,Măng Cành,14.6797229844411,108.286434485549
Kon Tum,Kon Plông,Ngok Tem,14.7932732689798,108.354728784463
Kon Tum,Kon Plông,Pờ Ê,14.7437492498391,108.470461861607
Kon Tum,Kon Rẫy,Đắk Kôi,14.6609055415816,108.14954709486
Kon Tum,Kon Rẫy,Đắk Pne,14.4786333181134,108.30237714061
Kon Tum,Kon Rẫy,Đắk Ruồng,14.4362328761567,108.169503078291
Kon Tum,Kon Rẫy,Đắk Tơ Lung,14.5398097320598,108.159763994761
Kon Tum,Kon Rẫy,Đắk Tơ Re,14.4096277384349,108.118742486522
Kon Tum,Kon Rẫy,Tân Lập,14.4641286476782,108.223883330982
Kon Tum,Kon Rẫy,TT. Đắk Rve,14.5361925233756,108.25196468822
Kon Tum,Kon Tum,Chư H'reng,14.2986420456574,108.02971107996
Kon Tum,Kon Tum,Đắk Blà,14.3706977449277,108.059514995845
Kon Tum,Kon Tum,Đắk Cấm,14.4173198770726,108.022620440104
Kon Tum,Kon Tum,Đắk Năng,14.3460152151555,107.906639071779
Kon Tum,Kon Tum,Đắk Rơ Wa,14.3272370293411,108.050513258912
Kon Tum,Kon Tum,Đoàn Kết,14.3417020942264,107.952663205121
Kon Tum,Kon Tum,Hòa Bình,14.270729166363,107.97869807635
Kon Tum,Kon Tum,Ia Chim,14.2983969911611,107.904214601781
Kon Tum,Kon Tum,Kroong,14.400442195274,107.891862983799
Kon Tum,Kon Tum,Ngọk Bay,14.3794760921879,107.930148697726
Kon Tum,Kon Tum,P. Duy Tân,14.3759888187918,107.996840338768
Kon Tum,Kon Tum,P. Lê Lợi,14.3302938288933,107.994444703893
Kon Tum,Kon Tum,P. Ngô Mây,14.3986253316957,107.975526517232
Kon Tum,Kon Tum,P. Nguyễn Trãi,14.3414799791506,107.981965531186
Kon Tum,Kon Tum,P. Quang Trung,14.3568567016051,107.9952801619
Kon Tum,Kon Tum,P. Quyết Thắng,14.3494008682829,108.000750615214
Kon Tum,Kon Tum,P. Thắng Lợi,14.3516975351658,108.024935587158
Kon Tum,Kon Tum,P. Thống Nhất,14.3384343380639,108.012063558528
Kon Tum,Kon Tum,P. Trần Hưng Đạo,14.3049540440421,107.987514287656
Kon Tum,Kon Tum,P. Trường Chinh,14.37010860839,108.018224895833
Kon Tum,Kon Tum,Vinh Quang,14.3786040366948,107.965254219144
Kon Tum,Ngọc Hồi,Đắk Ang,14.8729354941073,107.742874248271
Kon Tum,Ngọc Hồi,Đắk Dục,14.8372291052556,107.635341557889
Kon Tum,Ngọc Hồi,Đắk Kan,14.6382316133839,107.699834470812
Kon Tum,Ngọc Hồi,Đắk Nông,14.78938285944,107.620563937737
Kon Tum,Ngọc Hồi,Đắk Xú,14.738763452435,107.609025087988
Kon Tum,Ngọc Hồi,Pờ Y,14.6668608958452,107.584592660525
Kon Tum,Ngọc Hồi,Sa Loong,14.5741839279611,107.600486180217
Kon Tum,Ngọc Hồi,TT. Plei Cần,14.707590523193,107.698749858897
Kon Tum,Sa Thầy,Hơ Moong,14.4951972248825,107.840488124922
Kon Tum,Sa Thầy,Mô Rai,14.3582772237093,107.588264352262
Kon Tum,Sa Thầy,Rờ Kơi,14.5128949363209,107.670981853449
Kon Tum,Sa Thầy,Sa Bình,14.3690756450938,107.853210177501
Kon Tum,Sa Thầy,Sa Nghĩa,14.4263577181265,107.835214020178
Kon Tum,Sa Thầy,Sa Nhơn,14.4651244987223,107.784222161404
Kon Tum,Sa Thầy,Sa Sơn,14.411195590129,107.744279413577
Kon Tum,Sa Thầy,TT. Sa Thầy,14.4032935334981,107.793785127385
Kon Tum,Sa Thầy,Ya Ly,14.3224917049851,107.832218738109
Kon Tum,Sa Thầy,Ya Tăng,14.2692798913034,107.757760564234
Kon Tum,Sa Thầy,Ya Xiêr,14.345840318832,107.772134483678
Kon Tum,Tu Mơ Rông,Đắk Hà,14.7967605988121,107.953364875856
Kon Tum,Tu Mơ Rông,Đắk Na,14.9796521739075,107.843408741052
Kon Tum,Tu Mơ Rông,Đắk Rơ Ông,14.8702405139395,107.872002292095
Kon Tum,Tu Mơ Rông,Đắk Sao,14.9063577508122,107.829316338494
Kon Tum,Tu Mơ Rông,Đắk Tơ Kan,14.8289463232169,107.872145745157
Kon Tum,Tu Mơ Rông,Măng Ri,14.9696700199019,107.920889485212
Kon Tum,Tu Mơ Rông,Ngọk Lây,14.9692145593729,108.000979775925
Kon Tum,Tu Mơ Rông,Ngọk Yêu,14.8653014147922,108.095268233427
Kon Tum,Tu Mơ Rông,Tê Xăng,14.9233010789155,107.942858061426
Kon Tum,Tu Mơ Rông,Tu Mơ Rông,14.8546992375294,107.984326273822
Kon Tum,Tu Mơ Rông,Văn Xuôi,14.9136925724662,108.049183360069
Lâm Đồng,Bảo Lâm,B' Lá,11.7038104051256,107.743400045537
Lâm Đồng,Bảo Lâm,Lộc An,11.550362080063,107.906001474147
Lâm Đồng,Bảo Lâm,Lộc Bắc,11.7341442742753,107.596539946069
Lâm Đồng,Bảo Lâm,Lộc Bảo,11.8193334444455,107.692728739872
Lâm Đồng,Bảo Lâm,Lộc Đức,11.6268683789133,107.915160028745
Lâm Đồng,Bảo Lâm,Lộc Lâm,11.815325948611,107.817219105703
Lâm Đồng,Bảo Lâm,Lộc Nam,11.3950596101251,107.863947069089
Lâm Đồng,Bảo Lâm,Lộc Ngãi,11.6621934207386,107.88885397874
Lâm Đồng,Bảo Lâm,Lộc Phú,11.7510901448147,107.866080500978
Lâm Đồng,Bảo Lâm,Lộc Quảng,11.6354326431151,107.777179878339
Lâm Đồng,Bảo Lâm,Lộc Tân,11.5942612659986,107.709135399778
Lâm Đồng,Bảo Lâm,Lộc Thanh,11.4483912118712,107.812495033681
Lâm Đồng,Bảo Lâm,Tân Lạc,11.4789648184659,107.868215808404
Lâm Đồng,Bảo Lâm,TT. Lộc Thắng,11.6730085096782,107.826645669071
Lâm Đồng,Bảo Lộc,Đại Lào,11.4777571268157,107.748108578374
Lâm Đồng,Bảo Lộc,Đạm Bri,11.6078514464679,107.769936618988
Lâm Đồng,Bảo Lộc,Lộc Châu,11.5120937535769,107.767915740565
Lâm Đồng,Bảo Lộc,Lộc Nga,11.5286348479752,107.862482329542
Lâm Đồng,Bảo Lộc,Lộc Thanh,11.5675412448489,107.86200859571
Lâm Đồng,Bảo Lộc,P. 1,11.5544632629714,107.815419619739
Lâm Đồng,Bảo Lộc,P. Lộc Phát,11.5811193790546,107.833683293565
Lâm Đồng,Bảo Lộc,P. Lộc Sơn,11.524616197374,107.827588345825
Lâm Đồng,Bảo Lộc,P. Lộc Tiến,11.546467247017,107.774005417389
Lâm Đồng,Cát Tiên,Đồng Nai Thượng,11.7389409133848,107.452963409332
Lâm Đồng,Cát Tiên,Đức Phổ,11.5736029426898,107.345200002249
Lâm Đồng,Cát Tiên,Gia Viễn,11.6336748325481,107.363092253352
Lâm Đồng,Cát Tiên,Mỹ Lâm,11.6062609754861,107.407222200289
Lâm Đồng,Cát Tiên,Nam Ninh,11.6381725402526,107.415249720798
Lâm Đồng,Cát Tiên,Phước Cát 1,11.5771343180343,107.321910607017
Lâm Đồng,Cát Tiên,Phước Cát 2,11.688195521832,107.329175324476
Lâm Đồng,Cát Tiên,Quảng Ngãi,11.5337793823668,107.387100573294
Lâm Đồng,Cát Tiên,Tiên Hoàng,11.6779833068966,107.414297152597
Lâm Đồng,Cát Tiên,TT. Cát Tiên,11.5852445124911,107.371408247755
Lâm Đồng,Cát Tiên,Tư Nghĩa,11.5710515596681,107.401932521049
Lâm Đồng,Đạ Huoai,Đạ M'ri,11.4892653313448,107.669226138578
Lâm Đồng,Đạ Huoai,Đạ Oai,11.4483492809764,107.502964972295
Lâm Đồng,Đạ Huoai,Đạ Ploa,11.3898998125106,107.717190033807
Lâm Đồng,Đạ Huoai,Đạ Tồn,11.4527747668815,107.554789513237
Lâm Đồng,Đạ Huoai,Đoàn Kết,11.3466964576363,107.673983611861
Lâm Đồng,Đạ Huoai,Hà Lâm,11.3928755187262,107.605764147179
Lâm Đồng,Đạ Huoai,Ma Đa Guôi,11.4044787898707,107.513466851818
Lâm Đồng,Đạ Huoai,Phước Lộc,11.4786946631923,107.616639680258
Lâm Đồng,Đạ Huoai,TT. Đạ M'ri,11.4257102075391,107.692174141403
Lâm Đồng,Đạ Huoai,TT. Ma Đa Guôi,11.3894524457325,107.549986137144
Lâm Đồng,Đà Lạt,P. 1,11.9446754880261,108.442448213093
Lâm Đồng,Đà Lạt,P. 10,11.9218349260165,108.465535983334
Lâm Đồng,Đà Lạt,P. 11,11.9351446952762,108.489262588572
Lâm Đồng,Đà Lạt,P. 12,11.9752672013324,108.486761467492
Lâm Đồng,Đà Lạt,P. 3,11.8968882426559,108.45897783275
Lâm Đồng,Đà Lạt,P. 4,11.8962710313197,108.418553846707
Lâm Đồng,Đà Lạt,P. 5,11.951634679522,108.378789644848
Lâm Đồng,Đà Lạt,P. 7,11.9796778105745,108.398379412544
Lâm Đồng,Đà Lạt,P. 8,11.979258528639,108.452680361601
Lâm Đồng,Đà Lạt,P. 9,11.9558878592582,108.466041014858
Lâm Đồng,Đà Lạt,Tà Nung,11.9197000331915,108.359069756141
Lâm Đồng,Đà Lạt,Trạm Hành,11.854582100989,108.548422604741
Lâm Đồng,Đà Lạt,Xuân Thọ,11.9389957283552,108.530049189071
Lâm Đồng,Đà Lạt,Xuân Trường,11.8817436306977,108.527304320141
Lâm Đồng,Đam Rông,Đạ KNàng,11.899380172338,108.139425960525
Lâm Đồng,Đam Rông,Đạ Long,12.1252234796494,108.236678756222
Lâm Đồng,Đam Rông,Đa M'Rong,12.1488253228912,108.329408408099
Lâm Đồng,Đam Rông,Đạ R'Sal,12.1419124055403,108.14281356259
Lâm Đồng,Đam Rông,Đạ Tông,12.1245784796441,108.307123781328
Lâm Đồng,Đam Rông,Liêng S'Roin,12.0618701144729,108.071053298854
Lâm Đồng,Đam Rông,Phi Liêng,11.9647709329083,108.10989043446
Lâm Đồng,Đam Rông,Rô Men,12.0616555885347,108.197247326675
Lâm Đồng,Đạ Tẻh,An Nhơn,11.6122505362546,107.471697237893
Lâm Đồng,Đạ Tẻh,Đạ Kho,11.4682904571046,107.484003553345
Lâm Đồng,Đạ Tẻh,Đạ Lây,11.5688964934866,107.425145351766
Lâm Đồng,Đạ Tẻh,Đạ Pal,11.5516906025323,107.606193798369
Lâm Đồng,Đạ Tẻh,Hà Đông,11.5330001775378,107.512831938063
Lâm Đồng,Đạ Tẻh,Hương Lâm,11.5731379931958,107.442779622711
Lâm Đồng,Đạ Tẻh,Mỹ Đức,11.6197964701169,107.570859213628
Lâm Đồng,Đạ Tẻh,Quảng Trị,11.5854885700724,107.599881676835
Lâm Đồng,Đạ Tẻh,Quốc Oai,11.627987717414,107.512165769507
Lâm Đồng,Đạ Tẻh,Triệu Hải,11.5044059477554,107.549781926194
Lâm Đồng,Đạ Tẻh,TT. Đạ Tẻh,11.5211019892753,107.483755810568
Lâm Đồng,Di Linh,Bảo Thuận,11.4483896468978,108.149236164948
Lâm Đồng,Di Linh,Đinh Lạc,11.6238672581819,108.130564478591
Lâm Đồng,Di Linh,Đinh Trang Hòa,11.5718682022198,107.958655668587
Lâm Đồng,Di Linh,Đinh Trang Thượng,11.7603763986208,107.953077596576
Lâm Đồng,Di Linh,Gia Bắc,11.3336823549761,108.097277163937
Lâm Đồng,Di Linh,Gia Hiệp,11.6244923564274,108.175998869807
Lâm Đồng,Di Linh,Gung Ré,11.493749088311,108.070842467011
Lâm Đồng,Di Linh,Hòa Bắc,11.4249397439699,107.95927400291
Lâm Đồng,Di Linh,Hòa Nam,11.4448056032032,107.903674454368
Lâm Đồng,Di Linh,Hòa Ninh,11.5117690712034,107.926454909906
Lâm Đồng,Di Linh,Hòa Trung,11.5026820048227,107.969816728879
Lâm Đồng,Di Linh,Liên Đầm,11.5383090155661,108.010198553199
Lâm Đồng,Di Linh,Sơn Điền,11.3700448952686,108.025746692538
Lâm Đồng,Di Linh,Tam Bố,11.4831408909422,108.223459782908
Lâm Đồng,Di Linh,Tân Châu,11.6206825412729,108.039382764376
Lâm Đồng,Di Linh,Tân Lâm,11.6714813791236,107.98415240938
Lâm Đồng,Di Linh,Tân Nghĩa,11.6409233957502,108.092328658677
Lâm Đồng,Di Linh,Tân Thượng,11.6678100084261,108.034455025058
Lâm Đồng,Di Linh,TT. Di Linh,11.5865157008612,108.064418061568
Lâm Đồng,Đơn Dương,Đạ Ròn,11.777647095779,108.456847286813
Lâm Đồng,Đơn Dương,Ka Đô,11.7267965223118,108.605629984051
Lâm Đồng,Đơn Dương,Ka Đơn,11.7057637657594,108.495149410527
Lâm Đồng,Đơn Dương,Lạc Lâm,11.7929767932124,108.515878445077
Lâm Đồng,Đơn Dương,Lạc Xuân,11.7767172323398,108.608005062771
Lâm Đồng,Đơn Dương,Pró,11.6856713060909,108.584969819305
Lâm Đồng,Đơn Dương,Quảng Lập,11.740836237726,108.516856904263
Lâm Đồng,Đơn Dương,TT. D'Ran,11.8930542681929,108.617844233937
Lâm Đồng,Đơn Dương,TT. Thạch Mỹ,11.7670670508074,108.486338455811
Lâm Đồng,Đơn Dương,Tu Tra,11.6995172939703,108.442974456106
Lâm Đồng,Đức Trọng,Bình Thạnh,11.7743798006412,108.28963744316
Lâm Đồng,Đức Trọng,Đà Loan,11.5624725716069,108.393257461163
Lâm Đồng,Đức Trọng,Đạ Quyn,11.5962691605038,108.518613809608
Lâm Đồng,Đức Trọng,Hiệp An,11.8366647350168,108.453356692183
Lâm Đồng,Đức Trọng,Hiệp Thạnh,11.7789048948084,108.410613784196
Lâm Đồng,Đức Trọng,Liên Hiệp,11.7809496233849,108.370908354529
Lâm Đồng,Đức Trọng,Ninh Gia,11.6110990219762,108.270560126105
Lâm Đồng,Đức Trọng,Ninh Loan,11.5459374848515,108.335241896606
Lâm Đồng,Đức Trọng,N'Thol Hạ,11.7614827898392,108.317381076159
Lâm Đồng,Đức Trọng,Phú Hội,11.6644558429683,108.359582737902
Lâm Đồng,Đức Trọng,Tà Hine,11.5948857639507,108.346330051297
Lâm Đồng,Đức Trọng,Tà Năng,11.5799326873156,108.444924413122
Lâm Đồng,Đức Trọng,Tân Hội,11.7226571505217,108.28880457285
Lâm Đồng,Đức Trọng,Tân Thành,11.7014544296575,108.270458959332
Lâm Đồng,Đức Trọng,TT. Liên Nghĩa,11.7269864080845,108.367129904803
Lâm Đồng,Lạc Dương,Đạ Chais,12.1717868098499,108.652345774899
Lâm Đồng,Lạc Dương,Da Nhim,12.1778632848371,108.549363930308
Lâm Đồng,Lạc Dương,Đạ Sar,12.0225073647787,108.562679274139
Lâm Đồng,Lạc Dương,Đưng KNớ,12.2187250153075,108.423335963502
Lâm Đồng,Lạc Dương,Lát,12.070156996925,108.398813476694
Lâm Đồng,Lạc Dương,TT. Lạc Dương,12.0360287470634,108.431080000544
Lâm Đồng,Lâm Hà,Đạ Đờn,11.839045358215,108.201886291112
Lâm Đồng,Lâm Hà,Đan Phượng,11.6862690538661,108.198316210608
Lâm Đồng,Lâm Hà,Đông Thanh,11.8441355979271,108.384770827102
Lâm Đồng,Lâm Hà,Gia Lâm,11.8036810226887,108.338310561136
Lâm Đồng,Lâm Hà,Hoài Đức,11.7421785327693,108.144015295528
Lâm Đồng,Lâm Hà,Liên Hà,11.6951754678774,108.132222170994
Lâm Đồng,Lâm Hà,Mê Linh,11.8848790315589,108.335704202408
Lâm Đồng,Lâm Hà,Nam Hà,11.8362217344255,108.292446149337
Lâm Đồng,Lâm Hà,Phi Tô,11.8986483590297,108.269098178644
Lâm Đồng,Lâm Hà,Phúc Thọ,11.8149327891554,108.109545844861
Lâm Đồng,Lâm Hà,Phú Sơn,11.9612543536176,108.232577853463
Lâm Đồng,Lâm Hà,Tân Hà,11.7331147777195,108.206302728547
Lâm Đồng,Lâm Hà,Tân Thanh,11.7586342411201,108.058366521518
Lâm Đồng,Lâm Hà,Tân Văn,11.7738021914177,108.219193543577
Lâm Đồng,Lâm Hà,TT. Đinh Văn,11.7871981202851,108.263396699001
Lâm Đồng,Lâm Hà,TT. Nam Ban,11.8450180750618,108.332128890245
